Age,Tenure,MonthlyCharges,Contract,PaymentMethod,InternetService,Churn
27,31,80.54,One year,Electronic check,Fiber optic,No
33,57,65.35,Month-to-month,Month-to-month,DSL,No
55,54,120,Two year,Electronic check,DSL,No
27,20,70.24,Two year,Credit card,No,No
52,24,42.57,One year,Electronic check,DSL,No
73,,86.86,Month-to-month,Credit card,DSL,No
37,41,47.5,Month-to-month,Electronic check,Fiber optic,No
62,29,57.57,Month-to-month,Bank transfer,DSL,No
53,45,78.16,Month-to-month,Credit card,No,No
71,1,66.83,Month-to-month,Credit card,DSL,No
36,61,50.91,Two year,Electronic check,DSL,No
51,28,56.23,Month-to-month,Bank transfer,Fiber optic,No
36,44,55.17,Month-to-month,Electronic check,Fiber optic,No
64,27,99.15,Month-to-month,Credit card,Fiber optic,No
20,22,51.97,Month-to-month,Credit card,DSL,No
58,39,55.69,One year,Bank transfer,Fiber optic,No
20,46,120,Month-to-month,Electronic check,No,No
34,26,56.16,Two year,Electronic check,Fiber optic,No
59,,107.24,One year,Bank transfer,No,No
55,44,102.89,Two year,Electronic check,No,No
41,13,66.18,Two year,Electronic check,DSL,No
34,1,34.52,Month-to-month,Credit card,DSL,No
46,38,81.33,Month-to-month,Bank transfer,DSL,No
44,17,86.82,Month-to-month,Electronic check,DSL,Yes
30,1,94.2,Month-to-month,Electronic check,Fiber optic,Yes
64,14,71.8,One year,Credit card,Fiber optic,No
40,21,100.11,Month-to-month,Credit card,DSL,Yes
30,6,104.76,One year,Electronic check,Fiber optic,No
32,1,43.64,Month-to-month,Electronic check,DSL,Yes
27,31,,Month-to-month,Bank transfer,DSL,No
68,48,74.36,One year,Electronic check,Fiber optic,No
66,25,55.86,Month-to-month,Electronic check,No,Yes
29,15,62.03,Month-to-month,Electronic check,Fiber optic,Yes
44,38,116.94,Month-to-month,Bank transfer,No,Yes
50,44,94.6,Two year,Electronic check,Fiber optic,No
27,24,25.27,One year,Electronic check,No,No
18,41,72.09,Month-to-month,Credit card,Fiber optic,No
36,51,66.5,Month-to-month,Credit card,Fiber optic,No
68,26,65.61,Month-to-month,Electronic check,Fiber optic,No
33,14,57.17,Month-to-month,Credit card,Fiber optic,No
58,37,33.59,One year,Credit card,DSL,No
69,35,91.54,Month-to-month,Electronic check,Fiber optic,Yes
28,52,,Two year,Credit card,No,No
44,4,60.75,Two year,Credit card,Fiber optic,No
42,17,54.94,One year,Bank transfer,Fiber optic,No
70,13,51.8,Month-to-month,Bank transfer,DSL,No
51,1,88.58,One year,Electronic check,Fiber optic,No
44,33,79.59,Month-to-month,Electronic check,Fiber optic,No
36,41,53.15,One year,Electronic check,DSL,No
71,15,46.38,Two year,Credit card,No,No
25,58,58.26,One year,Electronic check,DSL,No
70,46,94.18,Month-to-month,Electronic check,No,Yes
53,43,73.15,One year,Electronic check,No,No
50,38,75.83,Two year,Bank transfer,DSL,No
47,49,61.8,Month-to-month,Credit card,DSL,No
62,3,63.55,Two year,Electronic check,Fiber optic,No
29,42,75.41,Month-to-month,Electronic check,Fiber optic,No
34,42,23.91,Month-to-month,Electronic check,DSL,No
31,1,110.3,One year,Electronic check,Fiber optic,No
24,37,50.31,One year,Bank transfer,DSL,No
19,25,55.79,Month-to-month,Electronic check,Fiber optic,No
52,46,103.46,Month-to-month,Credit card,Fiber optic,No
53,21,75.56,One year,Electronic check,No,No
21,30,71.05,Month-to-month,Electronic check,Fiber optic,Yes
53,37,55.42,Month-to-month,Electronic check,DSL,No
44,12,30.97,Month-to-month,Credit card,No,No
47,42,74.62,One year,Credit card,Fiber optic,No
53,28,99.88,Month-to-month,Credit card,DSL,Yes
50,40,47.51,One year,Electronic check,DSL,No
61,20,104.07,One year,Electronic check,Fiber optic,No
72,52,41.82,One year,Credit card,DSL,No
69,42,51.65,Two year,Electronic check,Fiber optic,No
37,26,82.65,Month-to-month,Credit card,DSL,No
29,43,70,One year,Bank transfer,No,No
33,55,,Month-to-month,Electronic check,No,No
67,66,51.46,Month-to-month,Bank transfer,Fiber optic,No
38,1,44.21,Month-to-month,Credit card,DSL,No
46,48,23.32,Month-to-month,Bank transfer,Fiber optic,No
23,39,39.91,Month-to-month,Bank transfer,Fiber optic,No
53,28,,Month-to-month,Electronic check,No,Yes
42,10,34.33,One year,Credit card,DSL,No
44,55,77.71,Two year,Electronic check,DSL,No
56,5,53.4,Month-to-month,Credit card,DSL,Yes
66,41,20.29,Month-to-month,Bank transfer,No,No
49,56,120,Month-to-month,Credit card,No,Yes
35,1,49.13,Month-to-month,Credit card,Fiber optic,Yes
36,24,38.61,Month-to-month,Credit card,DSL,No
18,4,100.99,One year,Electronic check,DSL,No
71,35,99.14,Month-to-month,Credit card,No,No
65,60,41.22,Two year,Electronic check,DSL,No
27,70,33.15,One year,Credit card,No,No
55,1,45,One year,Bank transfer,Fiber optic,No
50,19,98.24,Month-to-month,Electronic check,DSL,Yes
58,44,62.22,Month-to-month,Credit card,Fiber optic,Yes
25,62,49.78,Two year,Credit card,DSL,No
25,38,,One year,Electronic check,DSL,No
57,15,100.1,Two year,Bank transfer,No,No
29,36,35.26,Month-to-month,Electronic check,Fiber optic,No
48,30,60.4,Month-to-month,Bank transfer,Fiber optic,Yes
53,26,35.41,One year,Electronic check,DSL,No
72,15,120,Month-to-month,Credit card,Fiber optic,Yes
60,38,115.46,Month-to-month,Electronic check,Fiber optic,Yes
69,36,93.78,Month-to-month,Bank transfer,Fiber optic,No
55,28,66.66,One year,Credit card,Fiber optic,No
55,26,86.48,Month-to-month,Electronic check,Fiber optic,Yes
51,4,20,One year,Electronic check,No,No
62,20,76.91,Month-to-month,Electronic check,DSL,Yes
55,54,36.6,Month-to-month,Bank transfer,Fiber optic,No
64,26,36.88,Month-to-month,Bank transfer,DSL,No
26,1,52.38,One year,Bank transfer,DSL,No
20,57,61.24,Month-to-month,Credit card,DSL,No
43,41,84.36,One year,Electronic check,Fiber optic,No
63,72,87.52,Month-to-month,Credit card,Fiber optic,No
36,31,76.57,Two year,Credit card,Fiber optic,No
58,21,46.39,Month-to-month,Credit card,DSL,No
59,1,86.9,Month-to-month,Electronic check,Fiber optic,Yes
62,56,66.98,Month-to-month,Credit card,Fiber optic,No
47,72,99.51,Month-to-month,Electronic check,No,No
69,14,47.07,Month-to-month,Electronic check,DSL,Yes
59,17,20,One year,Bank transfer,DSL,No
51,42,58.08,One year,Credit card,DSL,No
57,13,120,One year,Bank transfer,Fiber optic,No
51,25,81.72,Month-to-month,Credit card,Fiber optic,No
69,23,65.14,One year,Credit card,Fiber optic,No
54,,92.09,One year,Electronic check,No,No
66,52,82.58,Month-to-month,Credit card,No,Yes
66,30,81.53,Month-to-month,Electronic check,DSL,No
20,48,57.16,Month-to-month,Electronic check,Fiber optic,No
34,22,71.9,One year,Electronic check,Fiber optic,No
56,37,75.03,Month-to-month,Electronic check,Fiber optic,Yes
55,1,53.93,One year,Credit card,Fiber optic,No
39,1,42.03,Month-to-month,Electronic check,DSL,No
65,46,73.48,Month-to-month,Electronic check,DSL,No
23,18,94.21,One year,Bank transfer,DSL,No
40,42,86.18,Two year,Bank transfer,Fiber optic,No
45,41,82.35,One year,Credit card,DSL,No
26,56,82.61,One year,Bank transfer,Fiber optic,No
66,46,120,Month-to-month,Bank transfer,Fiber optic,Yes
20,50,76.5,Two year,Bank transfer,No,No
63,28,96.05,One year,Credit card,Fiber optic,No
69,16,118.93,Two year,Bank transfer,No,No
24,,71.33,Two year,Bank transfer,Fiber optic,No
42,20,76.61,Month-to-month,Electronic check,Fiber optic,Yes
29,7,96.1,Two year,Electronic check,No,No
66,19,112.19,Month-to-month,Credit card,Fiber optic,Yes
57,28,77.83,One year,Electronic check,Fiber optic,No
35,35,79.08,Month-to-month,Bank transfer,DSL,No
73,23,72.27,Month-to-month,Electronic check,DSL,Yes
29,1,39.86,One year,Electronic check,DSL,No
22,29,97.94,Month-to-month,Electronic check,DSL,No
41,35,63.69,One year,Electronic check,Fiber optic,No
23,52,27.03,Month-to-month,Bank transfer,No,No
51,42,66.4,Month-to-month,Electronic check,DSL,No
57,17,26.82,Month-to-month,Bank transfer,DSL,No
68,16,44.88,One year,Bank transfer,Fiber optic,No
53,70,70.53,One year,Electronic check,Fiber optic,No
20,45,47.08,Two year,Bank transfer,DSL,No
64,67,96.88,Month-to-month,Credit card,Fiber optic,No
46,72,33.4,Two year,Electronic check,No,No
29,14,76.73,Month-to-month,Bank transfer,Fiber optic,No
54,38,84.11,Two year,Electronic check,Fiber optic,No
46,39,106.69,One year,Electronic check,Fiber optic,No
39,41,93.25,Month-to-month,Electronic check,No,No
63,41,76.03,Two year,Electronic check,DSL,No
53,34,72.22,Month-to-month,Electronic check,No,No
39,33,68.75,One year,Electronic check,Fiber optic,No
64,1,98.69,Month-to-month,Credit card,No,No
40,27,53.81,One year,Credit card,No,No
70,15,83.26,Two year,Credit card,Fiber optic,No
19,33,67.9,Month-to-month,Bank transfer,Fiber optic,No
42,21,76.26,Month-to-month,Bank transfer,DSL,No
63,42,63.69,Two year,Electronic check,DSL,No
49,46,120,Month-to-month,Credit card,DSL,No
43,36,53.83,Month-to-month,Bank transfer,Fiber optic,No
46,36,76.6,Month-to-month,Bank transfer,No,No
39,32,77.17,Month-to-month,Electronic check,DSL,Yes
66,21,85.48,Month-to-month,Bank transfer,No,Yes
55,27,81.54,Month-to-month,Credit card,DSL,No
72,20,80.9,One year,Credit card,Fiber optic,No
66,38,94.84,Month-to-month,Credit card,DSL,No
74,30,32.67,Month-to-month,Credit card,Fiber optic,No
67,42,70.54,Month-to-month,Credit card,Fiber optic,No
43,3,39.46,Month-to-month,Credit card,No,Yes
37,48,76.11,Month-to-month,Bank transfer,Fiber optic,No
32,15,40.73,One year,Credit card,DSL,No
52,15,46.3,One year,Electronic check,Fiber optic,No
40,26,68.79,One year,Electronic check,DSL,No
40,19,105.22,Month-to-month,Credit card,Fiber optic,Yes
58,36,84.75,Month-to-month,Credit card,DSL,No
65,19,77.73,One year,Bank transfer,Fiber optic,No
63,9,105.4,One year,Credit card,Fiber optic,No
63,13,46.69,One year,Electronic check,DSL,No
63,56,20,Month-to-month,Electronic check,Fiber optic,No
55,31,59.73,Two year,Credit card,No,No
24,7,63.38,Month-to-month,Bank transfer,Fiber optic,Yes
64,30,101.2,One year,Credit card,DSL,No
63,1,120,One year,Credit card,DSL,Yes
47,66,37.09,One year,Electronic check,Fiber optic,No
36,1,120,Month-to-month,Credit card,Fiber optic,Yes
50,40,109.45,Two year,Electronic check,Fiber optic,No
63,41,91.31,Month-to-month,Electronic check,Fiber optic,Yes
27,1,,Month-to-month,Bank transfer,Fiber optic,No
33,36,120,Month-to-month,Credit card,Fiber optic,No
58,50,72.36,One year,Bank transfer,Fiber optic,No
55,39,58.5,Month-to-month,Credit card,Fiber optic,Yes
34,35,73.82,Month-to-month,Electronic check,DSL,No
63,49,36.12,Two year,Electronic check,Fiber optic,No
50,33,82.15,Month-to-month,Credit card,Fiber optic,No
37,37,67.6,Month-to-month,Electronic check,DSL,No
18,27,78.61,Month-to-month,Credit card,Fiber optic,Yes
66,43,79.36,One year,Electronic check,DSL,No
40,11,43.88,One year,Electronic check,Fiber optic,No
46,46,103.26,One year,Electronic check,Fiber optic,No
53,20,44.98,Month-to-month,Electronic check,DSL,Yes
69,8,92.56,Month-to-month,Credit card,Fiber optic,Yes
53,37,30.52,One year,Electronic check,Fiber optic,No
57,64,79.65,Two year,Electronic check,DSL,No
50,49,49.86,One year,Electronic check,No,No
52,20,71.43,Month-to-month,Credit card,No,No
32,44,54.08,Month-to-month,Bank transfer,DSL,No
48,21,20,Month-to-month,Credit card,Fiber optic,No
55,28,42.51,Month-to-month,Electronic check,Fiber optic,Yes
37,32,72.09,Month-to-month,Bank transfer,No,No
55,1,85.98,One year,Bank transfer,No,No
56,34,33.65,Month-to-month,Electronic check,Fiber optic,Yes
51,9,20,Month-to-month,Electronic check,Fiber optic,No
61,16,48.58,One year,Credit card,Fiber optic,No
39,1,65.1,One year,Electronic check,Fiber optic,Yes
39,1,54.55,Month-to-month,Electronic check,No,No
26,11,50.14,Month-to-month,Electronic check,DSL,Yes
58,47,91.65,Month-to-month,Electronic check,DSL,No
49,63,94.53,Month-to-month,Bank transfer,No,No
46,29,88.93,One year,Electronic check,DSL,No
20,52,46.94,Month-to-month,Electronic check,Fiber optic,No
51,25,72.29,One year,Credit card,Fiber optic,No
70,1,65.54,One year,Bank transfer,Fiber optic,No
21,33,34.7,Month-to-month,Electronic check,No,No
38,39,92.45,Month-to-month,Credit card,DSL,No
44,21,72.58,Month-to-month,Electronic check,DSL,No
34,,58.26,Month-to-month,Credit card,No,No
26,41,105.82,Month-to-month,Electronic check,DSL,No
43,13,,Month-to-month,Electronic check,DSL,Yes
74,1,91.78,Month-to-month,Bank transfer,DSL,Yes
23,26,100.38,One year,Bank transfer,Fiber optic,No
28,26,88.33,Month-to-month,Credit card,Fiber optic,Yes
68,23,38.75,One year,Credit card,No,No
69,50,60.66,Month-to-month,Bank transfer,DSL,No
73,65,95.46,Month-to-month,Electronic check,DSL,Yes
23,22,51.15,Two year,Credit card,Fiber optic,No
64,44,71.3,Month-to-month,Credit card,No,No
53,49,80.31,Month-to-month,Electronic check,DSL,No
50,44,106.4,Month-to-month,Bank transfer,Fiber optic,Yes
66,51,102.83,One year,Credit card,Fiber optic,No
71,22,92.82,Month-to-month,Bank transfer,Fiber optic,Yes
65,45,65.7,One year,Bank transfer,Fiber optic,No
36,70,93.23,Month-to-month,Credit card,DSL,No
55,46,83.55,One year,Bank transfer,No,No
44,18,66.3,Month-to-month,Electronic check,DSL,Yes
45,42,104.28,Month-to-month,Bank transfer,No,No
27,55,82.7,Month-to-month,Credit card,No,No
44,37,51.43,Month-to-month,Bank transfer,No,No
42,19,101.99,One year,Electronic check,Fiber optic,No
19,61,63.95,Month-to-month,Credit card,No,No
70,5,85.16,One year,Credit card,DSL,No
42,40,32.2,Two year,Credit card,Fiber optic,No
55,30,69.82,Month-to-month,Bank transfer,Fiber optic,No
24,6,46.65,One year,Credit card,DSL,No
49,54,45.97,Two year,Bank transfer,No,No
54,37,22.52,Month-to-month,Electronic check,DSL,No
48,7,120,Month-to-month,Electronic check,Fiber optic,Yes
46,42,66.52,Month-to-month,Electronic check,DSL,Yes
54,21,76.22,Month-to-month,Electronic check,DSL,Yes
65,1,97.96,One year,Credit card,No,No
52,16,67.21,One year,Electronic check,Fiber optic,No
18,35,83.09,Month-to-month,Credit card,Fiber optic,Yes
43,43,36.27,Month-to-month,Bank transfer,Fiber optic,No
41,33,75.15,Month-to-month,Bank transfer,DSL,No
47,31,59.89,Month-to-month,Electronic check,Fiber optic,No
58,39,,Month-to-month,Electronic check,No,No
23,26,74.76,Month-to-month,Credit card,DSL,Yes
64,54,35.59,Two year,Electronic check,DSL,No
43,33,23.93,Month-to-month,Credit card,DSL,No
47,36,44.85,Month-to-month,Credit card,DSL,No
56,41,88.65,One year,Credit card,No,No
46,9,80.84,Month-to-month,Electronic check,Fiber optic,Yes
30,16,80.29,Month-to-month,Electronic check,Fiber optic,Yes
42,61,20,Month-to-month,Bank transfer,Fiber optic,No
33,37,20,Month-to-month,Credit card,Fiber optic,No
24,24,54.59,One year,Electronic check,DSL,No
63,37,61.86,One year,Bank transfer,DSL,No
50,20,55.08,Two year,Electronic check,DSL,No
25,36,79.03,Month-to-month,Electronic check,DSL,Yes
34,17,65.87,One year,Electronic check,DSL,No
29,36,40.49,Month-to-month,Bank transfer,Fiber optic,Yes
46,1,48.14,Month-to-month,Bank transfer,DSL,Yes
64,57,73.7,One year,Electronic check,Fiber optic,No
54,20,71.93,Month-to-month,Bank transfer,Fiber optic,Yes
24,,68.25,Month-to-month,Bank transfer,No,No
59,26,120,Month-to-month,Electronic check,DSL,Yes
35,23,63.53,One year,Bank transfer,Fiber optic,No
59,33,73.09,Month-to-month,Electronic check,Fiber optic,No
69,7,45.18,Month-to-month,Credit card,DSL,Yes
46,38,61.1,Month-to-month,Credit card,DSL,No
41,72,83.17,Month-to-month,Electronic check,Fiber optic,No
74,4,84.24,Month-to-month,Credit card,DSL,Yes
64,37,66.12,Month-to-month,Electronic check,Fiber optic,No
60,24,79.92,One year,Credit card,Fiber optic,No
61,34,71.41,Two year,Credit card,DSL,No
50,1,23,Month-to-month,Credit card,No,No
19,,20,Month-to-month,Bank transfer,No,No
51,39,120,Month-to-month,Bank transfer,No,No
30,,90.77,One year,Bank transfer,Fiber optic,No
71,63,68.58,Month-to-month,Bank transfer,Fiber optic,No
69,16,26.55,Month-to-month,Electronic check,Fiber optic,No
67,33,38.11,Month-to-month,Electronic check,No,No
36,72,103.9,Two year,Credit card,Fiber optic,No
66,15,20,One year,Electronic check,DSL,No
41,12,61.89,One year,Bank transfer,Fiber optic,No
49,29,91.71,Month-to-month,Credit card,Fiber optic,No
71,29,73.58,Two year,Electronic check,Fiber optic,No
48,47,88.87,Month-to-month,Electronic check,No,Yes
24,33,66.72,Month-to-month,Bank transfer,Fiber optic,No
59,15,120,Month-to-month,Bank transfer,No,Yes
73,34,44.3,Two year,Electronic check,Fiber optic,No
33,72,35.94,One year,Bank transfer,Fiber optic,No
54,55,76.86,One year,Electronic check,No,No
48,1,105.74,Month-to-month,Credit card,DSL,Yes
53,27,68.6,One year,Credit card,DSL,No
63,12,96.23,Month-to-month,Credit card,Fiber optic,Yes
18,42,56.73,Month-to-month,Electronic check,DSL,No
68,27,40.37,Month-to-month,Bank transfer,DSL,No
53,69,105,Two year,Bank transfer,Fiber optic,No
36,49,109.22,Month-to-month,Bank transfer,Fiber optic,Yes
64,48,108.33,Two year,Credit card,No,No
53,34,59.04,Two year,Electronic check,DSL,No
40,29,41.12,Month-to-month,Credit card,DSL,No
66,37,40.77,Month-to-month,Credit card,Fiber optic,No
22,56,64.38,Month-to-month,Bank transfer,No,No
42,41,84.56,Month-to-month,Credit card,DSL,No
25,23,82.73,One year,Credit card,DSL,No
62,56,34.14,Month-to-month,Credit card,Fiber optic,No
22,34,74.88,Two year,Credit card,Fiber optic,No
26,28,70.44,Month-to-month,Credit card,No,No
41,14,72.25,Month-to-month,Electronic check,Fiber optic,Yes
68,19,69.41,One year,Electronic check,No,Yes
64,17,64.95,Two year,Electronic check,DSL,No
71,1,84.83,Month-to-month,Bank transfer,Fiber optic,Yes
21,50,,Month-to-month,Bank transfer,Fiber optic,Yes
64,41,75.64,Month-to-month,Electronic check,Fiber optic,No
41,26,52.73,One year,Credit card,Fiber optic,No
58,51,79.89,One year,Credit card,No,No
40,39,66.97,Two year,Bank transfer,Fiber optic,No
67,37,20,One year,Electronic check,Fiber optic,No
40,1,82.09,One year,Credit card,Fiber optic,Yes
34,25,63.39,One year,Bank transfer,No,No
48,41,93.16,Month-to-month,Bank transfer,Fiber optic,No
18,62,65.95,Two year,Credit card,Fiber optic,No
48,67,67.61,Month-to-month,Credit card,Fiber optic,No
50,59,75.29,Month-to-month,Bank transfer,Fiber optic,No
29,7,69.7,Month-to-month,Bank transfer,No,No
25,1,58.83,Month-to-month,Electronic check,Fiber optic,Yes
63,41,25.17,Two year,Bank transfer,Fiber optic,No
66,31,116.07,Two year,Electronic check,Fiber optic,No
47,49,30.53,One year,Electronic check,Fiber optic,No
25,27,61.46,Two year,Electronic check,DSL,No
38,34,86.33,Month-to-month,Electronic check,DSL,No
69,1,79.5,Two year,Electronic check,Fiber optic,No
72,39,84.18,Two year,Electronic check,DSL,No
27,21,89.23,Month-to-month,Electronic check,No,Yes
58,37,101.58,Month-to-month,Bank transfer,Fiber optic,No
70,39,77.43,Month-to-month,Bank transfer,Fiber optic,No
27,28,120,Month-to-month,Electronic check,DSL,Yes
57,36,44.66,Two year,Electronic check,No,No
73,30,75.68,Month-to-month,Credit card,Fiber optic,No
23,45,60.98,Two year,Credit card,No,No
50,40,56.37,One year,Credit card,Fiber optic,No
34,19,77.18,Month-to-month,Credit card,Fiber optic,Yes
37,,106.46,Month-to-month,Credit card,DSL,Yes
35,65,52.24,One year,Credit card,DSL,No
31,28,52.23,Month-to-month,Credit card,No,No
27,50,88.11,Month-to-month,Electronic check,Fiber optic,Yes
21,38,83.6,Month-to-month,Electronic check,DSL,Yes
51,19,118.94,Month-to-month,Electronic check,DSL,Yes
31,15,95.7,Two year,Credit card,Fiber optic,No
53,32,75.74,Month-to-month,Credit card,Fiber optic,No
34,35,61.77,Two year,Bank transfer,Fiber optic,No
43,42,75.38,One year,Bank transfer,Fiber optic,No
37,5,65.62,Month-to-month,Bank transfer,DSL,Yes
25,18,35.87,Two year,Electronic check,Fiber optic,No
74,28,70.21,Two year,Electronic check,DSL,No
54,62,65.62,Two year,Bank transfer,DSL,No
51,1,64.19,Month-to-month,Bank transfer,Fiber optic,Yes
35,39,59.27,Month-to-month,Electronic check,Fiber optic,Yes
28,19,112.25,One year,Electronic check,DSL,No
21,39,87.41,Two year,Electronic check,DSL,No
39,20,93.42,Month-to-month,Electronic check,Fiber optic,Yes
62,37,54.81,Month-to-month,Credit card,Fiber optic,No
42,61,44.43,Month-to-month,Credit card,Fiber optic,No
22,37,62.93,Month-to-month,Credit card,Fiber optic,No
22,39,76.1,Two year,Bank transfer,DSL,No
57,37,61.37,Month-to-month,Electronic check,No,No
44,15,65.29,Month-to-month,Electronic check,No,No
36,41,94.04,One year,Bank transfer,Fiber optic,No
46,26,77.48,Two year,Credit card,DSL,No
18,14,45.4,One year,Credit card,Fiber optic,No
69,29,59.3,Month-to-month,Credit card,No,No
42,25,53.56,Month-to-month,Credit card,DSL,No
42,,74.52,Month-to-month,Credit card,DSL,No
23,29,40.82,Month-to-month,Bank transfer,Fiber optic,No
57,19,65.53,Two year,Credit card,Fiber optic,No
54,59,87.32,Month-to-month,Credit card,Fiber optic,No
56,50,70.72,One year,Credit card,DSL,No
37,55,47.15,Two year,Electronic check,No,No
27,42,54.59,One year,Bank transfer,DSL,No
60,28,73.11,Month-to-month,Electronic check,DSL,No
50,22,82.08,Month-to-month,Electronic check,Fiber optic,No
45,24,90.93,Month-to-month,Electronic check,Fiber optic,Yes
43,49,66.37,One year,Credit card,DSL,No
69,32,37.07,Month-to-month,Bank transfer,Fiber optic,No
27,1,105.62,One year,Electronic check,DSL,Yes
55,29,,One year,Credit card,Fiber optic,No
19,2,80.15,Month-to-month,Credit card,DSL,Yes
32,33,77.64,Two year,Credit card,Fiber optic,No
74,6,44.06,Month-to-month,Bank transfer,Fiber optic,No
27,5,62.02,One year,Credit card,DSL,No
23,32,76.43,Month-to-month,Electronic check,DSL,Yes
41,28,95.82,Month-to-month,Bank transfer,No,No
68,1,71.5,Month-to-month,Credit card,Fiber optic,No
53,,20,Month-to-month,Bank transfer,DSL,No
38,72,63.97,Month-to-month,Electronic check,Fiber optic,No
60,1,,Month-to-month,Bank transfer,DSL,Yes
22,66,102.35,One year,Credit card,No,No
74,16,87.78,Month-to-month,Credit card,No,Yes
72,20,120,Month-to-month,Credit card,Fiber optic,Yes
22,26,105.61,One year,Bank transfer,Fiber optic,No
55,1,103.69,Month-to-month,Bank transfer,Fiber optic,Yes
54,56,,Month-to-month,Credit card,DSL,Yes
41,40,35.44,One year,Electronic check,Fiber optic,No
47,15,91.18,One year,Electronic check,Fiber optic,Yes
65,24,84.99,Month-to-month,Credit card,DSL,No
54,1,56.85,One year,Electronic check,Fiber optic,No
58,23,84.67,Two year,Electronic check,DSL,No
24,49,80.45,Two year,Credit card,No,No
41,1,58.37,One year,Bank transfer,Fiber optic,No
62,21,66.92,Two year,Bank transfer,Fiber optic,No
58,33,63.42,Two year,Electronic check,DSL,No
32,51,75.76,One year,Electronic check,DSL,No
60,57,59.39,Month-to-month,Electronic check,DSL,No
64,21,83.62,One year,Credit card,DSL,No
27,15,22.06,Month-to-month,Electronic check,Fiber optic,Yes
72,39,62.95,One year,Electronic check,Fiber optic,No
58,23,27.88,Month-to-month,Electronic check,No,No
54,24,57.93,Two year,Bank transfer,DSL,No
70,52,82.92,Month-to-month,Bank transfer,Fiber optic,No
29,64,70.54,Two year,Electronic check,Fiber optic,No
57,35,67.23,Month-to-month,Credit card,Fiber optic,No
52,26,71.72,Month-to-month,Bank transfer,DSL,Yes
63,41,109.24,One year,Bank transfer,DSL,No
32,1,42.34,Month-to-month,Electronic check,DSL,Yes
74,30,92.19,Month-to-month,Electronic check,DSL,Yes
68,9,32.19,One year,Bank transfer,DSL,No
63,72,,One year,Credit card,No,No
41,44,74.09,Two year,Electronic check,Fiber optic,No
44,33,48.71,One year,Bank transfer,DSL,No
62,26,75.13,Two year,Credit card,Fiber optic,No
50,1,88.22,Month-to-month,Credit card,Fiber optic,Yes
42,44,40.16,One year,Credit card,No,No
61,63,68.07,One year,Electronic check,DSL,No
44,15,60.59,Month-to-month,Bank transfer,DSL,Yes
54,44,21.49,One year,Bank transfer,Fiber optic,No
23,44,65.32,Two year,Electronic check,Fiber optic,No
22,1,50.06,One year,Bank transfer,DSL,No
30,49,103.48,Two year,Credit card,No,No
21,57,48.11,One year,Electronic check,DSL,No
29,35,112.49,Month-to-month,Credit card,Fiber optic,No
33,29,56.66,Two year,Electronic check,Fiber optic,No
54,46,118.45,Month-to-month,Electronic check,Fiber optic,Yes
64,1,83.48,One year,Electronic check,DSL,Yes
34,32,81.35,Two year,Credit card,Fiber optic,No
30,51,90.14,One year,Credit card,Fiber optic,No
40,,92.56,One year,Electronic check,Fiber optic,Yes
36,50,105.08,Two year,Electronic check,Fiber optic,No
19,22,113.32,Month-to-month,Electronic check,No,Yes
64,1,61.33,Month-to-month,Electronic check,Fiber optic,Yes
60,28,38.75,Month-to-month,Bank transfer,Fiber optic,No
25,11,20,Month-to-month,Bank transfer,No,No
68,36,60.32,Two year,Bank transfer,No,No
33,7,89.01,Month-to-month,Bank transfer,No,No
30,51,79.46,Two year,Credit card,DSL,No
32,15,72.88,Month-to-month,Credit card,No,Yes
20,37,61.25,Month-to-month,Credit card,Fiber optic,No
20,18,54,Month-to-month,Credit card,Fiber optic,No
39,24,62.91,Two year,Electronic check,DSL,No
60,54,79.72,Two year,Electronic check,DSL,No
71,34,25.88,Month-to-month,Bank transfer,No,No
36,22,88.22,Month-to-month,Bank transfer,DSL,No
21,5,33.54,One year,Electronic check,Fiber optic,No
41,53,66.04,Month-to-month,Electronic check,Fiber optic,No
36,45,54.14,Month-to-month,Credit card,Fiber optic,No
36,23,60.76,One year,Bank transfer,Fiber optic,No
19,35,43.81,Month-to-month,Electronic check,DSL,No
21,9,41.11,One year,Credit card,No,No
30,10,64.17,Two year,Electronic check,Fiber optic,No
66,13,42.8,Month-to-month,Electronic check,DSL,Yes
20,37,120,One year,Credit card,DSL,No
25,36,59.47,Month-to-month,Electronic check,No,No
63,15,53.46,Month-to-month,Credit card,Fiber optic,Yes
34,45,56.11,Month-to-month,Electronic check,No,No
20,46,43.06,Two year,Credit card,Fiber optic,No
59,33,20,Month-to-month,Credit card,DSL,No
28,51,63.44,Month-to-month,Bank transfer,DSL,No
37,24,77.59,Month-to-month,Credit card,Fiber optic,Yes
23,28,32.23,Month-to-month,Electronic check,DSL,No
46,39,69.96,Two year,Bank transfer,DSL,No
61,29,39.58,Month-to-month,Bank transfer,DSL,No
36,46,68.93,Two year,Electronic check,DSL,No
58,5,78.8,Month-to-month,Bank transfer,DSL,Yes
49,59,81.95,One year,Credit card,DSL,No
38,14,80.69,One year,Credit card,Fiber optic,No
36,27,52.2,One year,Electronic check,No,No
52,2,91.81,Two year,Electronic check,No,No
44,42,58.6,Two year,Credit card,DSL,No
58,55,78.55,Month-to-month,Bank transfer,Fiber optic,No
18,51,87.41,Month-to-month,Electronic check,DSL,No
40,47,,Month-to-month,Credit card,Fiber optic,No
18,1,37.68,Month-to-month,Credit card,Fiber optic,No
36,14,85.13,One year,Bank transfer,Fiber optic,No
46,21,41.86,Two year,Electronic check,DSL,No
54,11,47.51,Month-to-month,Electronic check,Fiber optic,Yes
64,52,42.22,Month-to-month,Electronic check,DSL,No
30,34,90.85,Month-to-month,Electronic check,Fiber optic,No
74,30,65.7,Month-to-month,Bank transfer,Fiber optic,No
42,40,20,One year,Electronic check,DSL,No
63,11,88.15,Two year,Electronic check,No,No
23,12,120,One year,Bank transfer,DSL,No
47,12,114.77,Month-to-month,Credit card,No,No
74,40,55.57,Two year,Bank transfer,No,No
54,,71.7,Month-to-month,Electronic check,Fiber optic,No
39,42,82.48,One year,Electronic check,No,No
56,52,92.1,Month-to-month,Electronic check,Fiber optic,Yes
65,3,70.63,Month-to-month,Credit card,DSL,Yes
59,19,42.39,Month-to-month,Credit card,Fiber optic,No
46,33,88.62,Month-to-month,Electronic check,Fiber optic,Yes
74,3,85.13,Month-to-month,Credit card,DSL,Yes
69,19,36.48,One year,Electronic check,Fiber optic,No
37,50,60.56,Month-to-month,Bank transfer,DSL,No
46,52,76.46,One year,Credit card,No,No
43,52,69.66,Month-to-month,Electronic check,DSL,No
24,31,82.84,Month-to-month,Bank transfer,DSL,Yes
62,26,89.61,Two year,Credit card,No,No
27,52,83.26,One year,Bank transfer,No,No
30,23,66.85,Month-to-month,Credit card,Fiber optic,No
57,37,35.99,Month-to-month,Bank transfer,Fiber optic,No
23,57,85.11,Month-to-month,Electronic check,No,No
59,23,104.74,One year,Bank transfer,DSL,No
69,18,119.1,Month-to-month,Electronic check,DSL,Yes
54,30,68.87,Month-to-month,Electronic check,DSL,No
18,42,68.8,Month-to-month,Electronic check,Fiber optic,Yes
55,40,105.86,Month-to-month,Bank transfer,Fiber optic,Yes
68,33,105.66,One year,Electronic check,DSL,No
70,41,78.2,Month-to-month,Electronic check,Fiber optic,Yes
70,1,87.5,Two year,Electronic check,DSL,No
19,13,50.64,One year,Electronic check,Fiber optic,No
27,33,84.27,Month-to-month,Bank transfer,Fiber optic,No
51,11,49.01,Month-to-month,Bank transfer,Fiber optic,No
61,3,66.03,Month-to-month,Credit card,Fiber optic,Yes
50,6,66.58,Two year,Credit card,Fiber optic,No
34,12,57.94,Month-to-month,Electronic check,Fiber optic,Yes
29,26,20,Month-to-month,Electronic check,DSL,No
33,10,48.99,Month-to-month,Credit card,No,No
65,35,77.98,One year,Credit card,Fiber optic,No
74,64,68.13,Two year,Bank transfer,Fiber optic,No
64,27,59.81,One year,Electronic check,Fiber optic,No
68,55,80.36,Month-to-month,Bank transfer,Fiber optic,No
51,36,86.86,Two year,Credit card,Fiber optic,No
61,8,90.83,One year,Electronic check,Fiber optic,Yes
68,25,49.45,Two year,Electronic check,Fiber optic,No
42,10,70.16,Month-to-month,Electronic check,Fiber optic,Yes
58,45,,Month-to-month,Bank transfer,Fiber optic,No
74,7,47.64,Month-to-month,Electronic check,No,Yes
18,,32.18,Month-to-month,Electronic check,DSL,No
50,42,67.13,Month-to-month,Credit card,Fiber optic,No
21,1,47.77,One year,Electronic check,Fiber optic,No
73,46,120,Month-to-month,Bank transfer,No,No
43,61,67.12,Month-to-month,Credit card,No,No
59,14,63.97,Two year,Bank transfer,DSL,No
70,50,59.64,One year,Credit card,No,No
20,1,116.47,One year,Credit card,No,No
51,35,46.04,Two year,Credit card,Fiber optic,No
63,1,65.56,One year,Credit card,DSL,No
67,40,50.34,Month-to-month,Bank transfer,No,No
65,1,66.47,Two year,Electronic check,Fiber optic,No
73,1,68.69,Month-to-month,Electronic check,DSL,Yes
68,38,97.06,Month-to-month,Bank transfer,Fiber optic,Yes
46,72,34.18,One year,Electronic check,DSL,No
53,18,69.06,One year,Credit card,Fiber optic,No
30,,109.99,Month-to-month,Electronic check,DSL,Yes
20,32,56.84,One year,Credit card,DSL,No
23,24,65.14,Month-to-month,Bank transfer,DSL,No
67,42,47.41,Month-to-month,Electronic check,Fiber optic,No
74,63,20,Two year,Bank transfer,Fiber optic,No
42,5,66.96,Two year,Electronic check,Fiber optic,No
30,41,98.97,One year,Credit card,Fiber optic,No
29,37,57.88,One year,Credit card,DSL,No
73,2,23.41,One year,Bank transfer,DSL,No
29,62,76.24,Month-to-month,Credit card,Fiber optic,No
37,69,71.55,Two year,Bank transfer,Fiber optic,No
29,11,94.59,One year,Bank transfer,No,No
58,65,92.34,One year,Credit card,No,No
64,31,62.82,Two year,Bank transfer,DSL,No
64,27,79.57,One year,Bank transfer,DSL,No
22,60,24.59,Month-to-month,Electronic check,Fiber optic,No
74,35,97.42,Month-to-month,Credit card,Fiber optic,No
70,36,74.22,One year,Bank transfer,DSL,No
51,60,96.71,Two year,Bank transfer,DSL,No
18,56,96.14,Two year,Bank transfer,No,No
58,48,62.39,Month-to-month,Credit card,No,No
59,2,65.84,Month-to-month,Electronic check,Fiber optic,Yes
21,1,47.71,Month-to-month,Bank transfer,Fiber optic,No
31,53,20,One year,Electronic check,Fiber optic,No
28,11,66.28,Two year,Credit card,Fiber optic,No
47,33,,Month-to-month,Electronic check,Fiber optic,No
34,9,42.43,One year,Credit card,No,No
28,26,87.37,Month-to-month,Credit card,DSL,Yes
30,4,72.04,Two year,Electronic check,DSL,No
69,63,80.92,One year,Electronic check,Fiber optic,No
70,10,50.33,Two year,Bank transfer,DSL,No
26,28,25.46,Month-to-month,Bank transfer,No,No
73,26,89.02,Month-to-month,Electronic check,No,Yes
44,54,84.85,One year,Electronic check,Fiber optic,No
28,2,66.83,Month-to-month,Credit card,No,Yes
52,29,59.05,Two year,Electronic check,Fiber optic,No
27,26,62.65,Month-to-month,Electronic check,DSL,Yes
43,41,66.15,Month-to-month,Bank transfer,DSL,No
37,39,56.85,Month-to-month,Electronic check,DSL,No
30,21,20,One year,Bank transfer,Fiber optic,No
33,35,89.18,Month-to-month,Credit card,Fiber optic,No
34,,32.21,Month-to-month,Credit card,Fiber optic,No
28,39,61.25,Month-to-month,Credit card,Fiber optic,No
71,28,61.91,One year,Credit card,DSL,No
63,17,76.11,Month-to-month,Electronic check,No,No
25,29,29.25,Month-to-month,Credit card,Fiber optic,No
27,37,99.77,One year,Credit card,DSL,No
19,72,86,Month-to-month,Bank transfer,No,No
55,20,88.87,Month-to-month,Electronic check,Fiber optic,Yes
69,36,101.32,Two year,Electronic check,Fiber optic,No
66,59,49.69,Month-to-month,Bank transfer,Fiber optic,No
68,1,20,Month-to-month,Credit card,DSL,No
50,1,78.01,One year,Electronic check,Fiber optic,No
57,6,102.52,Month-to-month,Bank transfer,Fiber optic,Yes
40,28,98.79,Two year,Electronic check,Fiber optic,No
44,72,56.36,Month-to-month,Credit card,DSL,No
22,38,,Month-to-month,Credit card,Fiber optic,No
72,54,76.93,Month-to-month,Electronic check,Fiber optic,Yes
65,26,24.61,Two year,Credit card,No,No
41,1,53.14,Month-to-month,Credit card,DSL,No
30,1,53.92,One year,Electronic check,Fiber optic,No
18,50,109.43,One year,Bank transfer,DSL,No
28,34,53.57,One year,Electronic check,DSL,No
42,4,109.14,Month-to-month,Electronic check,Fiber optic,Yes
65,52,70.23,Month-to-month,Bank transfer,DSL,No
48,1,27.99,One year,Credit card,Fiber optic,No
64,53,120,Two year,Electronic check,No,No
49,59,45.64,Month-to-month,Credit card,DSL,No
32,15,85.42,Month-to-month,Electronic check,DSL,No
68,8,112.64,Two year,Credit card,DSL,No
39,47,56.62,Month-to-month,Credit card,Fiber optic,No
21,8,39.24,One year,Credit card,Fiber optic,No
56,47,,Month-to-month,Credit card,Fiber optic,No
66,6,71.64,One year,Electronic check,Fiber optic,No
54,46,39.32,Month-to-month,Credit card,Fiber optic,No
47,32,42.97,Two year,Credit card,Fiber optic,No
39,21,60.26,Month-to-month,Credit card,DSL,No
59,12,94.1,Month-to-month,Electronic check,DSL,Yes
25,,62.82,Month-to-month,Electronic check,DSL,No
41,1,86.36,One year,Electronic check,Fiber optic,No
48,24,111.32,One year,Credit card,DSL,No
34,22,101.74,Two year,Credit card,Fiber optic,No
59,44,105.94,Month-to-month,Electronic check,DSL,No
37,5,100.8,One year,Bank transfer,Fiber optic,No
32,64,29.79,Month-to-month,Electronic check,No,No
33,24,100.57,Month-to-month,Electronic check,DSL,No
57,7,78.21,Month-to-month,Credit card,Fiber optic,Yes
43,58,66.89,One year,Electronic check,DSL,Yes
61,63,42.88,Two year,Electronic check,Fiber optic,No
52,26,30.27,One year,Electronic check,No,No
26,12,42.22,One year,Credit card,Fiber optic,No
65,30,69.47,Two year,Electronic check,DSL,No
69,16,40.62,Month-to-month,Electronic check,No,Yes
27,24,49.59,One year,Electronic check,Fiber optic,No
40,,54.58,Two year,Electronic check,No,No
43,38,86.66,Month-to-month,Bank transfer,No,No
24,33,62.62,One year,Electronic check,No,No
48,37,66.35,Month-to-month,Credit card,Fiber optic,No
61,29,103.16,Month-to-month,Electronic check,DSL,Yes
64,47,61.97,Month-to-month,Electronic check,Fiber optic,No
33,48,84.98,Month-to-month,Electronic check,Fiber optic,Yes
58,23,43.57,Month-to-month,Electronic check,Fiber optic,Yes
64,32,78.23,Month-to-month,Credit card,No,No
53,72,72.99,Month-to-month,Credit card,DSL,No
